<?xml version="1.0" encoding="utf-8" standalone="yes"?><rss version="2.0" xmlns:atom="http://www.w3.org/2005/Atom"><channel><title>春节 on</title><link>https://vxclx.github.io/</link><description>Recent content in 春节 on</description><generator>Hugo -- gohugo.io</generator><language>en-us</language><lastBuildDate>Tue, 19 Dec 2023 14:50:23 +0800</lastBuildDate><atom:link href="https://vxclx.github.io/index.xml" rel="self" type="application/rss+xml"/><item><title>——中国传统节日</title><link>https://vxclx.github.io/posts/first/</link><pubDate>Tue, 19 Dec 2023 14:50:23 +0800</pubDate><guid>https://vxclx.github.io/posts/first/</guid><description>春节，又称为农历新年，是中国最重要的传统节日，也是全球华人最为重视的节日之一。</description></item></channel></rss>